"Page","Section","Section Description"
"Home","Navbar",""
"","Feature Section","Announcement bar highlighting next-day delivery promise."
"","Hero Header Section","Hero section featuring best-sellers and shopping by occasion."
"","Features List Section","Showcase an elevated 'Shop by Brand' offering with A-Z houses."
"","Features List Section","Grid displaying best-selling products."
"","Features List Section","Section to shop by occasion such as Eid, Wedding, and Gifting."
"","Feature Section","Trust strip communicating authenticity and cash-on-delivery (COD) signals."
"","Feature Section","Interactive ""Find My Scent"" assist tool to help customers discover scents."
"","Features List Section","Shop by category section highlighting popular product types."
"","Feature Section","Band promoting gift sets and discovery kits."
"","Feature Section","Teaser section introducing fragrance guides and tips."
"","Reviews Section","Social proof section with customer reviews and testimonials."
"","Newsletter Section","Capture email and WhatsApp subscriptions for updates and offers."
"","Footer",""
"Crazy Deals","Navbar",""
"","Header Section","Page header introducing the exclusive Crazy Deals and limited-time offers."
"","Feature Section","Highlight the top deal of the day or week with product image, price, and savings."
"","Features List Section","List up to 3 key benefits or reasons to shop Crazy Deals (e.g., deep discounts, limited stock, next-day delivery)."
"","Ecommerce Product Section","Showcase a grid of all active Crazy Deal products with clear pricing and discount badges."
"","Testimonial Section","Customer testimonials about the value and experience with Crazy Deals."
"","FAQ Section","Answer frequently asked questions"
"","CTA Section","Urgent call-to-action to shop now before deals expire, with timer if applicable."
"","Footer",""
"Best Seller","Navbar",""
"","Header Section","Page header introducing the Best Sellers collection."
"","Features List Section","Breadcrumbs and dynamic filter & sort bar (Brand, Family, Price, Occasion)."
"","Features List Section","Grid showcasing top-selling products."
"","Feature Section","Find My Scent Assist tool for personalized recommendations."
"","FAQ Section","Answer frequently asked questions"
"","CTA Section","Invite visitors to inquire about or purchase the product or service"
"","Footer",""
"New Arrivals","Navbar",""
"","Header Section","Page header introducing the latest fragrance arrivals and what makes them unique."
"","Features List Section","Brief highlights: trending new launches, exclusive drops, and editor’s picks."
"","Ecommerce Products List Section","Filterable and sortable product grid showing all new arrivals."
"","Feature Section","""Find My Scent Assist"" tool for personalized recommendations among new arrivals."
"","Reviews Section","Customer reviews/social proof for select new launches."
"","FAQ Section","Answer frequently asked questions"
"","CTA Section","Prompt to subscribe for updates on future arrivals or limited editions."
"","Footer",""
"Shop All Products","Navbar",""
"","Header Section","Header with breadcrumbs to orient users within the site."
"","Feature Section","Filter & Sort Bar allowing users to filter by Brand, Family, Price, and Occasion."
"","Ecommerce Products List Section","Product Grid displaying all available products."
"","Feature Section","Find My Scent Assist tool for personalized product recommendations."
"","FAQ Section","Answer frequently asked questions"
"","CTA Section","Invite visitors to inquire about or purchase the product or service"
"","Footer",""
"Brand Index","Navbar",""
"","Header Section","Page header with title and introductory copy for brand discovery."
"","Feature Section","'Our Brands' elevated area spotlighting featured collections (e.g., Fragrance Secrets/Secret Scents)."
"","Features List Section","A-Z All Brands Grid listing 47+ fragrance houses for browsing."
"","Feature Section","Sourcing Promise link band highlighting authenticity and sourcing standards."
"","Footer",""
"Brand Collection","Navbar",""
"","Hero Header Section","SEO-optimized brand hero introducing the featured fragrance house and its unique brand story."
"","Feature Section","Trust strip highlighting authenticity, authorized sourcing, and customer guarantees."
"","Features List Section","Filter & Sort bar allowing users to refine products by price, family, occasion, and more."
"","Ecommerce Product Section","Product grid showcasing all products from the selected brand."
"","Features List Section","Related Houses discovery section suggesting similar or complementary brands."
"","Footer",""
"Own-Brand Collection","Navbar",""
"","Hero Header Section","Story-led hero highlighting heritage and inspiration of the own-brand."
"","Ecommerce Product Section","Grid displaying all own-brand products."
"","Feature Section","Trust/counterfeit framing section emphasizing authenticity and quality assurance."
"","Footer",""
"Category Collection","Navbar",""
"","Header Section","Introductory header with SEO-focused copy about the variety of perfume categories available."
"","Features List Section","Highlights each main category: Men’s Perfumes, Women’s Perfumes, Kids Perfumes."
"","Features List Section","Highlights Unisex Perfumes, Luxury Perfumes, Miracle Plant."
"","Features List Section","Showcases Perfume Oil, Attar, Arabic Perfumes, Inspired Perfumes."
"","Project List Section","Filter & Sort bar (by gender, type, family, price)."
"","Ecommerce Product Section","Product grid displaying perfumes under the selected category."
"","Feature Section","Cross-category discovery links to encourage browsing other relevant collections."
"","FAQ Section","Answer frequently asked questions"
"","CTA Section","Invite visitors to inquire about or purchase the product or service"
"","Footer",""
"Men’s Perfumes","Navbar",""
"","Header Section","Page header introducing the Men’s Perfumes collection, highlighting key qualities and appeal for men."
"","How It Works Section","Brief guide on how to choose fragrances for men (e.g., by occasion, season, or style)."
"","Features List Section","Key features of the men’s collection: long-lasting scents, designer & niche options, and exclusive picks."
"","Pricing Section","Optional: Overview of pricing tiers or value sets for men’s perfumes."
"","Ecommerce Products List Section","Filterable and sortable product grid of all men’s perfumes."
"","FAQ Section","Common questions answered about men’s fragrances and recommendations."
"","CTA Section","Prompt to try the Find My Scent quiz or view gifting options."
"","Footer",""
"Women’s Perfumes","Navbar",""
"","Header Section","Page header with ""Women's Perfumes"" title and brief SEO-focused intro."
"","Features List Section","Filter & Sort Bar (Brand, Family, Price, Occasion)."
"","Ecommerce Product Section","Product Grid displaying all women's perfumes."
"","Features List Section","Cross-Category Discovery links (e.g., Shop by Occasion, Scent Family, Best Sellers)."
"","Feature Section","""Find My Scent"" Assist interactive tool for guided product discovery."
"","Footer",""
"Kids Perfumes","Navbar",""
"","Header Section","Introductory header with playful, kid-friendly visuals and SEO-rich copy about the Kids Perfumes collection."
"","Features List Section","Features list spotlighting safe ingredients, gentle formulations, and age-appropriate scents."
"","Ecommerce Products List Section","Filterable product grid displaying all kids’ perfumes with sorting options (brand, price, occasion, scent-family)."
"","Feature Section","Trust and safety assurance section emphasizing hypoallergenic testing and authenticity."
"","Features List Section","Cross-category discovery links (e.g., Kids Gift Sets, Occasions, Family Collections)."
"","Reviews Section","Customer reviews and testimonials from parents and guardians."
"","FAQ Section","Frequently asked questions about kids' perfumes (safety, age recommendations, returns)."
"","Footer",""
"Unisex Perfumes","Navbar",""
"","Header Section","SEO-focused header introducing the Unisex Perfumes collection."
"","Feature Section","Intro copy emphasizing the appeal and versatility of unisex scents."
"","Features List Section","Filter & Sort Bar to refine by brand, scent family, price, and occasion."
"","Ecommerce Product Section","Product Grid showcasing all unisex perfumes."
"","Features List Section","Cross-category discovery links to related scent families or occasions."
"","Feature Section","""Find My Scent"" assist tool to help visitors select their ideal unisex fragrance."
"","Footer",""
"Luxury Perfumes","Navbar",""
"","Header Section","SEO-focused header introducing the Luxury Perfumes collection and its unique appeal."
"","Feature Section","Intro copy highlighting the exclusivity, craftsmanship, and heritage of luxury fragrances."
"","Features List Section","Filter & Sort bar allowing users to refine by Brand, Scent Family, Price, and Occasion."
"","Ecommerce Product Section","Product grid showcasing all luxury perfumes in the collection."
"","Features List Section","Cross-category discovery links (e.g., ""Explore More Luxury,"" ""Shop by Brand,"" ""Shop by Occasion"" CTAs)."
"","Feature Section","Trust strip emphasizing authenticity, official sourcing, and premium service."
"","Footer",""
"Miracle Plant","Navbar",""
"","Header Section","Intro header featuring the Miracle Plant collection name and a brief, engaging overview of its inspiration and uniqueness."
"","Hero Header Section","Story-led hero highlighting the heritage, natural origins, and benefits of the Miracle Plant collection."
"","Ecommerce Product Section","Product grid displaying all Miracle Plant collection items with prices, images, and key details."
"","Feature Section","Section detailing the trust and authenticity of the Miracle Plant range, with emphasis on quality, sourcing, and anti-counterfeit measures."
"","Testimonial Section","Selected customer reviews and testimonials specific to the Miracle Plant collection."
"","CTA Section","Call-to-action to explore the full range, learn more about the Miracle Plant, or shop now."
"","Footer",""
"Perfume Oil","Navbar",""
"","Header Section","Intro header with SEO-rich copy about perfume oils, highlighting heritage and benefits."
"","Features List Section","List of unique selling points: alcohol-free, long-lasting, and skin-friendly."
"","Features List Section","Filter & Sort Bar for Brand, Family, Price, and Occasion."
"","Ecommerce Product Section","Grid of available perfume oils with images, names, and prices."
"","Feature Section","Trust/Authenticity badge with a brief on genuine oils and sourcing promise."
"","Features List Section","Cross-category links: shop other collections like Attars, Perfume Sprays, and Gift Sets."
"","Testimonial Section","Section with customer testimonials for social proof."
"","CTA Section","Call-to-action to explore gift sets or try a sampler."
"","Footer",""
"Attar","Navbar",""
"","Header Section","Page header introducing Attar collection, highlighting its tradition and uniqueness."
"","Feature Section","Section spotlighting the heritage and artisanal process of Attar making."
"","Features List Section","List of key benefits: alcohol-free, long-lasting, travel-friendly."
"","Benefits Section","Benefits of choosing Attars for personal use and gifting."
"","Pricing Section","Overview of pricing tiers and value propositions for Attar products."
"","Ecommerce Products List Section","Grid of Attar products with filtering and sorting options."
"","Features List Section","Cross-category discovery: links to related collections (e.g., Perfume Oil, Luxury Perfumes, Unisex Perfumes)."
"","Testimonial Section","Customer testimonials and reviews specific to Attar products."
"","CTA Section","Call-to-action encouraging visitors to explore, try, or gift Attars."
"","FAQ Section","Frequently asked questions about Attars (application, storage, sourcing)."
"","Footer",""
"Arabic Perfumes","Navbar",""
"","Header Section","Intro header with SEO-focused copy about Arabic Perfumes, their heritage, and unique scent profiles."
"","Features List Section","Filter & Sort options (Brand, Scent Family, Price, Occasion) for easy browsing."
"","Ecommerce Product Section","Product grid showcasing all Arabic Perfumes available."
"","Features List Section","Cross-category discovery links to related collections (e.g., Oud, Attar, Unisex Arabic Scents)."
"","FAQ Section","FAQs about Arabic Perfumes (origins, ingredients, longevity, etc.)."
"","CTA Section","Call-to-action to try “Find My Scent” for personalized Arabic perfume recommendations."
"","Footer",""
"Inspired Perfumes","Navbar",""
"","Header Section","Page header introducing the Inspired Perfumes collection and its unique appeal."
"","Features List Section","Introductory copy highlighting value, artistry, and best-loved inspirations (SEO focused)."
"","Features List Section","Filter & Sort Bar for Brand, Scent Family, Price, and Occasion."
"","Ecommerce Product Section","Product grid showcasing all Inspired Perfumes."
"","Feature Section","Trust/Authenticity framing—explaining sourcing and quality."
"","Features List Section","Cross-category discovery links to related scent families and occasions."
"","Footer",""
"Scent-Family Collection","Navbar",""
"","Header Section","Page header with Scent-Family name and SEO-focused intro copy."
"","Features List Section","Filter & Sort bar (Brand, Price, Occasion, Family)."
"","Ecommerce Product Section","Product grid featuring all products within the scent family."
"","Features List Section","Cross-category discovery links to related families and collections."
"","Footer",""
"Shop by Lifestyle","Navbar",""
"","Header Section","Introductory header introducing the concept of shopping fragrances tailored for different lifestyles and occasions."
"","Features List Section","Feature grid with each tile representing a lifestyle segment: Office Wear Fragrances, Date Night Perfumes, Party & Clubbing Fragrances."
"","Features List Section","Feature grid continuing with: Wedding & Formal Event Perfumes, Everyday Signature Scents, Gym & Active Lifestyle Perfumes."
"","Features List Section","Feature grid continuing with: Travel Friendly Fragrances, Weekend Casual Perfumes, Luxury Executive Perfumes."
"","Features List Section","Feature grid continuing with: Vacation & Beach Perfumes, Dinner & Evening Wear Fragrances, Festival & Celebration Perfumes, Outdoor Adventure Fragrances."
"","Ecommerce Products List Section","Product grid displaying recommended fragrances per selected lifestyle segment, with filters to refine by brand, scent family, or price."
"","Feature Section","""Find My Scent"" assist call-to-action to personalize product discovery for lifestyle needs."
"","Testimonial Section","Testimonials or reviews from customers who found their perfect scent for a specific lifestyle."
"","CTA Section","Call-to-action inviting users to explore all lifestyle categories or take the scent quiz for personalized recommendations."
"","Footer",""
"Office Wear Fragrances","Navbar",""
"","Header Section","Introductory header with page title and brief explanation of office-appropriate fragrances."
"","Feature Section","Highlight the benefits of wearing subtle, sophisticated fragrances in professional settings."
"","Features List Section","Feature up to three top recommendations or fragrance styles ideal for work (e.g., fresh, clean, non-intrusive)."
"","Pricing Section","Optional—highlight special offers or bundles for office fragrances (if applicable)."
"","Ecommerce Products List Section","Product grid of office wear fragrances with filtering and sorting options."
"","Gallery Section","Lifestyle imagery showing fragrances in work environments."
"","CTA Section","Encouragement to explore or try a sampler specifically for office wear."
"","FAQ Section","Common questions about choosing and wearing office fragrances."
"","Footer",""
"Date Night Perfumes","Navbar",""
"","Header Section","Page introduction with SEO-optimized copy focused on romantic/date night fragrances."
"","Hero Header Section","Themed hero featuring a romantic, elegant visual and a highlighted “Shop Date Night Scents” CTA."
"","Features List Section","Highlight up to 3 unique selling points for date night perfumes (e.g., long-lasting, alluring notes, top-seller picks)."
"","Pricing Section","Optional: Highlight special offers or bundles for date night perfumes."
"","Ecommerce Products List Section","Product grid featuring curated perfumes ideal for date nights, with filter/sort options."
"","FAQ Section","Frequently asked questions about choosing the perfect date night fragrance."
"","CTA Section","Enticing call-to-action for “Find My Date Night Scent” quiz or to explore related collections."
"","Footer",""
"Party & Clubbing Fragrances","Navbar",""
"","Header Section","Page title and intro copy focused on the allure and energy of Party & Clubbing fragrances (SEO-optimized, includes relevant keywords)."
"","Features List Section","Highlight up to three key benefits/features of party fragrances (e.g., long-lasting projection, bold scent profiles, statement-making notes)."
"","Pricing Section","Optional: Showcase any special offers or bundles for this category."
"","Ecommerce Products List Section","Filterable product grid of party & clubbing fragrances (with filters for brand, notes, price, etc.)."
"","FAQ Section","FAQs specific to selecting and wearing fragrances for nightlife."
"","CTA Section","Encouragement to explore more or try the ""Find My Scent"" assist for personalized party fragrance recommendations."
"","Footer",""
"Wedding & Formal Event Perfumes","Navbar",""
"","Header Section","Page introduction highlighting curated fragrances for weddings and formal occasions."
"","Hero Header Section","Themed hero visually celebrating wedding and formal event moments."
"","Features List Section","Highlight key value propositions: lasting power, elegance, and occasion-appropriateness."
"","Pricing Section","Optional section if showcasing special bundles or offers."
"","Ecommerce Products List Section","Curated product grid of wedding and formal event perfumes."
"","FAQ Section","Addressing common gifting and event fragrance questions."
"","CTA Section","Encourage visitors to explore more or consult a fragrance expert for special events."
"","Footer",""
"Everyday Signature Scents","Navbar",""
"","Header Section","Introductory section with SEO-focused copy about versatile, daily-wear fragrances."
"","Features List Section","Key benefits/features of everyday signature scents (e.g., suitable for any occasion, subtle yet memorable, long-lasting freshness)."
"","Ecommerce Products List Section","Filterable and sortable product grid showcasing all everyday signature scents."
"","Features List Section","Cross-category discovery links (e.g., explore Office Wear, Date Night, or Summer Perfumes)."
"","Reviews Section","Customer reviews specific to everyday signature scents."
"","CTA Section","Call-to-action inviting users to try the “Find My Scent” quiz for tailored recommendations."
"","Footer",""
"Gym Perfumes","Navbar",""
"","Header Section","Page title and brief intro about fresh, clean scents ideal for active lifestyles and gym-goers."
"","Features List Section","Highlight up to 3 key benefits of gym-appropriate perfumes (e.g. sweat-friendly scents, lightweight formulas, non-overpowering projection)."
"","Features List Section","Filter & Sort Bar allowing users to refine perfumes by brand, scent family, longevity, and price."
"","Ecommerce Product Section","Product Grid showcasing gym-appropriate perfumes with images, names, and prices."
"","Features List Section","Cross-category discovery links for related collections (Summer Perfumes, Skin-Scents, Everyday Signature Scents)."
"","Reviews Section","Customer reviews/testimonials specifically for gym perfumes."
"","CTA Section","Call to action encouraging visitors to try “Find My Scent” or browse best-sellers."
"","Footer",""
"Travel Friendly Fragrances","Navbar",""
"","Header Section","Introductory header with SEO-focused copy about travel-friendly, portable, and TSA-compliant fragrances."
"","Features List Section","Feature highlights: Leak-proof packaging, compact sizes, and long-lasting scents for travel convenience."
"","Ecommerce Products List Section","Filterable and sortable product grid showcasing all travel-friendly fragrance options."
"","Features List Section","Cross-category discovery links: See also Gym Perfumes, Summer Perfumes, and Gift Sets for travelers."
"","Testimonial Section","Customer reviews and testimonials specific to travel fragrance experiences."
"","CTA Section","Call-to-action encouraging users to shop travel minis or try the Find My Scent Assist."
"","Footer",""
"Vacation & Beach Perfumes","Navbar",""
"","Header Section","Introductory header with SEO-focused copy about vacation & beach perfumes, perfect for summer getaways and tropical escapes."
"","Features List Section","Filter & sort bar for narrowing products by brand, scent family, price, and occasion."
"","Ecommerce Product Section","Product grid showcasing vacation and beach-friendly fragrances."
"","Features List Section","Cross-category discovery links to related collections (e.g., Summer Perfumes, Travel-Friendly, Long-Lasting Scents)."
"","Footer",""
"Dinner & Evening Wear Fragrances","Navbar",""
"","Header Section","Header introducing Dinner & Evening Wear Fragrances, SEO-optimized with a focus on allure and sophistication for special evenings."
"","Feature Section","Short intro copy on what defines a dinner/evening scent and how to select the perfect perfume for night occasions."
"","Features List Section","Filter & Sort bar (Brand, Scent Family, Price, Occasion) for easy navigation."
"","Ecommerce Product Section","Grid display of curated perfumes best suited for dinner and evening wear."
"","Features List Section","Cross-category discovery links to related collections (e.g., Date Night, Party & Clubbing, Formal Event Fragrances)."
"","FAQ Section","Dinner & Evening fragrance-specific FAQs (longevity, projection, layering tips, etc.)."
"","Footer",""
"Shop by Weather & Season","Navbar",""
"","Header Section","SEO-focused header introducing the collection and the benefit of matching fragrance to climate/season."
"","Features List Section","Grid or cards showcasing each sub-collection: Desert Climate Perfumes, Humid Weather Fragrances, Rainy Day Perfumes, Snow Season Perfumes, Beach Vacation Fragrances, Tropical Climate Perfumes, Dry Weather Perfumes, Monsoon Ready Fragrances, Winter Holiday Fragrances, Spring Bloom Perfumes—with image and short descriptor for each."
"","Features List Section","Filter & Sort Bar (season, weather, scent family, price, brand for easy navigation)."
"","Ecommerce Products List Section","Product Grid showing all relevant perfumes in this theme (with sub-collection filters)."
"","Features List Section","Cross-category discovery links (e.g., “Explore by Occasion,” “See All Best-Sellers,” “Shop by Performance”)."
"","Feature Section","Trust strip (authenticity, COD, fast delivery signals)."
"","Feature Section","""Find My Scent Assist"" call-to-action for quiz-based recommendations."
"","Footer",""
"Desert Climate Perfumes","Navbar",""
"","Header Section","SEO-optimized header introducing the best perfumes for desert climates, highlighting their performance, longevity, and suitability for hot, arid environments."
"","Features List Section","List of unique features: heat-resistance, long-lasting formulations, and recommended scent families (e.g., fresh, woody, spicy)."
"","Features List Section","Filter & Sort bar enabling users to sort by brand, scent family, price, and occasion."
"","Ecommerce Product Section","Grid showcasing perfumes curated specifically for desert and hot climates."
"","Features List Section","Cross-category discovery links to related collections (e.g., Summer Perfumes, UAE Heat Perfumes, Long-lasting Perfumes)."
"","Testimonial Section","Customer reviews highlighting real experiences with perfumes in desert conditions."
"","CTA Section","Call-to-action encouraging users to try the ""Find My Scent"" assist or explore more collections."
"","Footer",""
"Humid Weather Fragrances","Navbar",""
"","Header Section","Page header introducing Humid Weather Fragrances, with SEO-focused copy about choosing scents that thrive in humidity."
"","Features List Section","Filter & sort bar with options for Brand, Fragrance Family, Price, and Occasion."
"","Ecommerce Product Section","Product grid displaying curated perfumes ideal for humid climates."
"","Features List Section","Cross-category discovery links to related weather and climate collections (e.g., Tropical, Monsoon, Beach, Summer)."
"","Footer",""
"Rainy Day Perfumes","Navbar",""
"","Header Section","Page title and intro copy focused on ""Rainy Day Perfumes"" (SEO-optimized for rainy day scents)."
"","Features List Section","Filter & Sort options (Brand, Scent Family, Price, Occasion)."
"","Features List Section","Product Grid displaying curated perfumes ideal for rainy weather."
"","Features List Section","Cross-Category Discovery links (e.g., Humid Weather, Monsoon Ready, Everyday Signature Scents)."
"","Footer",""
"Snow Season Perfumes","Navbar",""
"","Header Section","Introductory header with SEO-focused copy about scents ideal for snow season and winter holidays."
"","Features List Section","Filter & Sort options (e.g., fragrance family, brand, price, occasion)."
"","Ecommerce Products List Section","Grid showcasing perfumes curated for snow season and cold weather."
"","Features List Section","Cross-category discovery links to related seasonal collections (e.g., Winter Holiday Fragrances, Spring Bloom Perfumes, Humid Weather Fragrances)."
"","Footer",""
"Beach Vacation Fragrances","Navbar",""
"","Header Section","Page header introducing Beach Vacation Fragrances and setting the theme."
"","Feature Section","Intro copy focused on SEO and the unique appeal of beach-inspired scents."
"","Features List Section","Filter & Sort options (brand, scent family, price, occasion)."
"","Ecommerce Product Section","Product grid showcasing curated beach vacation fragrances."
"","Features List Section","Cross-category discovery links to related collections (e.g., Tropical, Travel-Friendly, Summer Scents)."
"","Footer",""
"Tropical Climate Perfumes","Navbar",""
"","Header Section","Introductory header focused on SEO and presenting the concept of perfumes ideal for tropical climates (fresh, light, long-lasting scents for heat and humidity)."
"","Features List Section","Feature list highlighting key fragrance qualities for tropical weather (e.g., aquatic notes, citrus bursts, airy florals)."
"","Pricing Section","Optional: if special offers/seasonal pricing is relevant, present here."
"","Ecommerce Products List Section","Filterable product grid showcasing all perfumes suitable for tropical climates, with sorting/filtering options (brand, price, scent family, etc.)."
"","Features List Section","Cross-category discovery links to other weather/season pages (e.g., Beach Vacation, Humid Weather, Summer Perfumes)."
"","Testimonial Section","Real customer testimonials about wearing these perfumes in tropical conditions (optional: add social proof if available)."
"","CTA Section","Call-to-action encouraging users to take the “Find My Scent” quiz or explore more collections."
"","Footer",""
"Dry Weather Perfumes","Navbar",""
"","Header Section","SEO-focused header introducing the collection and its benefits for dry climates."
"","Features List Section","Introductory copy explaining how these scents are curated for arid, dry conditions."
"","Features List Section","Filter and sort bar allowing users to refine by brand, scent family, price, and occasion."
"","Ecommerce Product Section","Product grid showcasing all perfumes ideal for dry weather."
"","Features List Section","Cross-category discovery links to related collections (e.g., Desert Climate, Humid Weather, Travel Friendly)."
"","Footer",""
"Monsoon Ready Fragrances","Navbar",""
"","Header Section","Page header introducing the Monsoon Ready Fragrances collection and its unique appeal for rainy weather, including SEO-optimized copy."
"","Features List Section","Filter & Sort bar allowing users to refine by Brand, Scent Family, Price, and Occasion."
"","Ecommerce Product Section","Product grid displaying all Monsoon-ready fragrances with images, names, and prices."
"","Features List Section","Cross-category discovery links (e.g., Rainy Day Perfumes, Humid Weather Fragrances) to encourage further exploration."
"","Footer",""
"Winter Holiday Fragrances","Navbar",""
"","Header Section","Seasonal header introducing the Winter Holiday Fragrances collection with SEO-focused copy and festive imagery."
"","Features List Section","Highlight up to three key benefits or moods (e.g., Cozy Scents, Festive Notes, Gift-Ready Picks)."
"","Pricing Section","Optional if there are special holiday bundles or promotions."
"","Ecommerce Products List Section","Filterable and sortable product grid featuring all winter holiday fragrances."
"","Features List Section","Cross-category discovery links (e.g., Shop All Gift Sets, Explore Holiday Guides, Discover Festive Best-Sellers)."
"","Testimonial Section","Customer reviews or testimonials specific to winter scents."
"","FAQ Section","FAQs relevant to winter scent care, gifting, and holiday delivery."
"","Footer",""
"Spring Bloom Perfumes","Navbar",""
"","Header Section","Seasonal page header with title ""Spring Bloom Perfumes"" and an evocative subtitle about fresh, floral, and uplifting scents for spring."
"","Feature Section","Introductory SEO-focused copy on what makes spring-inspired perfumes unique, with emphasis on floral, green, and airy notes."
"","Features List Section","Filter & Sort options: Brand, Scent Family, Price, Occasion, and Note Types."
"","Ecommerce Product Section","Product grid displaying all ""Spring Bloom"" perfumes with image, price, and quick-add to cart."
"","Features List Section","Cross-category discovery links to ""Summer & UAE-Heat Perfumes,"" ""Everyday Signature Scents,"" and ""Gift Sets."""
"","FAQ Section","Short FAQ about choosing spring scents and layering tips."
"","Footer",""
"Product Detail Page","Navbar",""
"","Ecommerce Product Header Section","Header with main product image, price, and trust badges (authenticity, COD, etc.)."
"","Features List Section","Detailed product description including scent notes, sillage, and story."
"","Feature Section","Authenticity badge and assurance messaging."
"","Features List Section","List of product features (e.g., longevity, bottle size, concentration)."
"","Feature Section","Scent-family tag highlighting the fragrance family."
"","Reviews Section","Customer reviews and ratings."
"","Features List Section","Related products carousel or grid for cross-sell/upsell."
"","CTA Section","""Find My Scent"" call-to-action for quiz or tool."
"","FAQ Section","Frequently asked questions related to the product."
"","Footer",""
"Gift Sets & Discovery Kits","Navbar",""
"","Header Section","Collection header introducing Gift Sets & Discovery Kits."
"","Feature Section","Value-prop hero highlighting trial experience and AOV (Average Order Value) benefits."
"","Ecommerce Product Section","Product grid displaying all available gift sets and discovery kits."
"","Footer",""
"Fragrance Journal(Blogs)","Navbar",""
"","Header Section","Introductory section with SEO-focused copy about the Fragrance Journal, its purpose, and what readers can expect (guides, scent note breakdowns, trends, etc.)."
"","Blog List Section","Dynamic grid/list of all fragrance guides, scent breakdowns, and editorial articles, with images, titles, categories, and preview text."
"","Featured Blog List Header Section","Highlighted/featured articles or guides at the top of the page for quick access."
"","Newsletter Section","Newsletter/email/WhatsApp capture for updates and new article alerts."
"","Footer",""
"Perfume Buying Guides","Navbar",""
"","Header Section","Page introduction and overview of what the guides cover."
"","Features List Section","Quick links or teasers for key guide topics (e.g. Beginner’s Guide, How to Choose a Scent, Layering Tips)."
"","How It Works Section","Step-by-step: How to pick your perfect perfume (notes, occasions, longevity, seasons)."
"","Feature Section","Featured guide article highlight (e.g. “Understanding Fragrance Notes”)."
"","Testimonial Section","Customer testimonials about how the guides helped them choose."
"","CTA Section","Prompt to take the “Find My Scent” quiz for personalized recommendations."
"","Blog List Section","List of all buying guide articles with scent note breakdowns and internal links to product pages."
"","Footer",""
"Seasonal Fragrance Trends","Navbar",""
"","Header Section","Page header introducing the latest seasonal fragrance trends and expert recommendations."
"","Hero Header Section","Hero section highlighting the current season's standout scents and what's trending now."
"","Features List Section","Showcase up to three key seasonal fragrance trends or themes (e.g., Fresh Florals for Spring, Warm Spices for Winter, Citrusy Scents for Summer)."
"","Feature Section","Editorial spotlight on a single prominent trend with tips and featured products."
"","Features List Section","Curated product picks for the season with direct links to shop."
"","Feature Section","Cross-link to related buying guides and scent-family collections for seasonal inspiration."
"","Reviews Section","Customer reviews or testimonials on favorite seasonal fragrances."
"","Newsletter Section","Section inviting visitors to sign up for seasonal fragrance updates via email or WhatsApp."
"","Footer",""
"Scent Education & Tips","Navbar",""
"","Header Section","Introductory overview of the page’s purpose—empowering visitors to understand and enjoy fragrances more deeply."
"","Features List Section","Three key educational topics: (1) Understanding fragrance notes (top, heart, base), (2) How to apply and layer perfumes, (3) Storing your fragrances for longevity."
"","Feature Section","Spotlight on “How to Choose the Right Perfume for You.”"
"","Feature Section","Guide to reading perfume ingredient lists and understanding labels."
"","Features List Section","Tips for making your scent last longer (application points, skin prep, etc.)."
"","Feature Section","Myth-busting common misconceptions about perfumes."
"","Gallery Section","Visuals: Infographics, diagrams (applying perfume, scent pyramids, etc.)."
"","Blog List Section","Teaser links to latest guides, seasonal trends, and journal articles."
"","FAQ Section","Common scent questions answered (e.g., “How do I test perfumes properly?”)."
"","CTA Section","Prompt to explore more guides or try the “Find My Scent” quiz."
"","Footer",""
"Perfume Care & Storage Guides","Navbar",""
"","Header Section","Page introduction outlining the importance of perfume care and storage for longevity and scent quality."
"","Features List Section","List of top care practices: proper storage environments, avoiding light/heat, and handling tips."
"","Feature Section","Detailed guide section on how to store perfume (placement, container, temperature)."
"","Feature Section","Cleaning and maintenance tips for perfume bottles and atomizers."
"","Feature Section","How to maximize fragrance longevity on skin and clothing."
"","FAQ Section","Frequently asked questions about perfume care and troubleshooting common issues."
"","CTA Section","Call-to-action for exploring related guides or shopping storage accessories."
"","Footer",""
"Luxury Fragrance Recommendations","Navbar",""
"","Header Section","Elegant page header introducing the world of luxury fragrances and what sets these selections apart."
"","About Section","Brief intro about the allure and prestige of high-end perfumes, including what makes a fragrance “luxury.”"
"","Features List Section","Highlight up to three key aspects: rare ingredients, artisanal craftsmanship, and exclusive house collaborations."
"","Ecommerce Product Section","Curated product grid showcasing luxury and niche fragrances with images, names, and quick details."
"","Feature Section","Spotlight on a featured luxury scent or house with a short editorial or brand story."
"","Testimonial Section","Customer or influencer testimonials about their experience with luxury fragrances."
"","CTA Section","Call-to-action inviting visitors to book a guided consultation, try a sample kit, or explore the full luxury collection."
"","Customer Logos List Section","Optional: Display logos of luxury fragrance houses or brands carried."
"","FAQ Section","Address common questions about luxury fragrance authenticity, sampling, and care."
"","Footer",""
"About Us","Navbar",""
"","Header Section","Page title and introductory statement about the brand’s mission and values."
"","About Section","Brand story: origins, heritage, and inspiration behind the company."
"","Feature Section","Highlight the brand’s commitment to authenticity and quality."
"","Timeline Section","Key milestones and growth moments in the company’s history."
"","Team Section","Introduce the founders and core team members."
"","Testimonial Section","Quotes from customers or partners about the brand’s reputation."
"","CTA Section","Encourage visitors to explore products or contact the team."
"","Footer",""
"Contact","Navbar",""
"","Header Section","Contact page title and welcoming copy encouraging visitors to reach out."
"","Contact Section","Overview of ways to connect: email support, WhatsApp, phone."
"","Contact Form Section","Simple form for inquiries (Name, Email, Message)."
"","Locations Section","Map and physical address details."
"","Feature Section","WhatsApp quick-link for instant support."
"","Footer",""
"FAQs","Navbar",""
"","Header Section","Page introduction and reassurance; ""Frequently Asked Questions – Find quick answers and support."""
"","FAQ Section","Comprehensive, categorized list of frequently asked questions and answers (Shipping, Orders, Authenticity, Gifting, Returns, etc.)."
"","Testimonial Section","Customer testimonials or social proof reinforcing trust and satisfaction."
"","CTA Section","Prompt for further help, linking to Contact page or live chat: ""Still need help? Get in touch with our team."""
"","Footer",""
"Reviews","Navbar",""
"","Header Section","Page introduction emphasizing real customer experiences and commitment to authenticity."
"","Reviews Section","Comprehensive compilation of customer reviews, including ratings, testimonials, and featured feedback."
"","Feature Section","Highlighted review stories or video testimonials for deeper social proof."
"","Features List Section","Showcase of top-rated products with summary snippets from recent reviews."
"","CTA Section","Call-to-action inviting visitors to share their own review or browse best-sellers."
"","Footer",""
"Shipping Policy","Navbar",""
"","Header Section","Clear page title with brief introduction to the shipping policy."
"","Legal Page Body Section","Comprehensive details covering shipping methods, regions served, delivery timelines, shipping charges, next-day delivery promise, order tracking, handling of delays, packaging standards, and contact information for shipping support."
"","Footer",""
"Return Policy","Navbar",""
"","Header Section","Return Policy main title and brief introductory statement."
"","Legal Page Body Section","Comprehensive policy details including eligibility, return/exchange process, timeframes, required condition, exclusions, how to initiate a return, shipping & refund procedures, and customer support contact information."
"","Footer",""
"Privacy Policy","Navbar",""
"","Legal Page Body Section","Comprehensive privacy policy covering data collection, use, cookies, third-party sharing, user rights, security measures, policy updates, and contact details for privacy-related inquiries."
"","Footer",""
"Terms & Conditions","Navbar",""
"","Header Section","Page title and brief introduction to the terms & conditions governing use of the website and services."
"","Legal Page Body Section","Comprehensive terms and conditions covering user agreement, website usage, purchase policies, disclaimers, intellectual property, limitations of liability, changes to terms, and contact information for further inquiries."
"","Footer",""