Page #,Page Name,URL,Page Type,Parent Page,Template,Content Source,Tier / Priority,Primary CTA,Secondary CTA,Section #,Section Name,Section Purpose / Intent,Internal Links From This Section,Notes
1,Homepage,/,Static,—,Custom build,Manual + dynamic collections,Tier 1,Shop best-sellers / Add to Cart,Shop by Occasion | Find My Scent (assist) | WhatsApp,1.1,Sticky Header / Nav,"Persistent access to the brand-led Shop mega-menu, search, account, cart and one-tap WhatsApp so the ready buyer can reach any product from any scroll depth.",/collections/all | /pages/brands | /pages/occasions-gifts | /blogs/guides | /search | /account | /cart,Buy-led: Shop is the dominant nav item. WhatsApp click-to-chat persistent on mobile.
1,Homepage,/,Static,—,Custom build,Manual + dynamic collections,Tier 1,Shop best-sellers / Add to Cart,Shop by Occasion | Find My Scent (assist) | WhatsApp,1.2,Announcement Bar,Carries the verifiable next-day-delivery + COD/BNPL promise to remove logistics doubt before the first scroll.,/policies/shipping-policy,Real delivery terms only (R-2). No fabricated stock/viewer counters.
1,Homepage,/,Static,—,Custom build,Manual + dynamic collections,Tier 1,Shop best-sellers / Add to Cart,Shop by Occasion | Find My Scent (assist) | WhatsApp,1.3,Shop-First Hero,"Leads with product for the ready buyer and Gifter: best-sellers / featured collections / occasion entry, with express paths to purchase (Decision 1: buy-led, A2 shop-first hero).",/collections/best-sellers | /pages/occasions-gifts | /collections/[brand-slug],"Hero leads with PRODUCT, not the quiz. Sub-2s mobile load (guardrail)."
1,Homepage,/,Static,—,Custom build,Manual + dynamic collections,Tier 1,Shop best-sellers / Add to Cart,Shop by Occasion | Find My Scent (assist) | WhatsApp,1.4,Shop by Brand,Primary catalogue entry point: elevated 'Our Brands' group + the search-demand A-Z houses — the spine of a brand-led store (Decision 3).,/pages/brands | /collections/fragrance-secrets | /collections/secret-scents | /collections/paris-collection | /collections/[brand-slug] x8-12,Own brands elevated ABOVE resale A-Z (margin + R-1 split).
1,Homepage,/,Static,—,Custom build,Manual + dynamic collections,Tier 1,Shop best-sellers / Add to Cart,Shop by Occasion | Find My Scent (assist) | WhatsApp,1.5,Best-Sellers / Trending,Gives the ready buyer a one-tap path to proven products — core to the buy-led posture.,/collections/best-sellers | /products/[product-slug] x6-8,Dynamic best-seller collection.
1,Homepage,/,Static,—,Custom build,Manual + dynamic collections,Tier 1,Shop best-sellers / Add to Cart,Shop by Occasion | Find My Scent (assist) | WhatsApp,1.6,Shop by Occasion,Surfaces the Gifter's high-AOV entry (Eid/wedding/gifting/date-night) — a Tier-1 anchor intent (A5).,/pages/occasions-gifts | /collections/eid | /collections/wedding | /collections/gifts-for-him | /collections/gifts-for-her,Seasonal merchandising; swap featured occasion by calendar.
1,Homepage,/,Static,—,Custom build,Manual + dynamic collections,Tier 1,Shop best-sellers / Add to Cart,Shop by Occasion | Find My Scent (assist) | WhatsApp,1.7,Trust / Authenticity Strip,Stacks authenticity + COD + returns + secure-payment signals to neutralise the genuine-at-this-price blocker (A4).,/pages/sourcing-promise | /policies/refund-policy,Transparent sourcing wording (R-1). No 'direct from brand' where untrue.
1,Homepage,/,Static,—,Custom build,Manual + dynamic collections,Tier 1,Shop best-sellers / Add to Cart,Shop by Occasion | Find My Scent (assist) | WhatsApp,1.8,Find My Scent Assist Band,Secondary rescue for the undecided shopper — present but clearly subordinate to shopping (Decision 1: quiz is secondary).,/pages/find-my-scent,"Secondary, not hero. Captures email -> Klaviyo."
1,Homepage,/,Static,—,Custom build,Manual + dynamic collections,Tier 1,Shop best-sellers / Add to Cart,Shop by Occasion | Find My Scent (assist) | WhatsApp,1.9,Shop by Category Band,Audience cuts (Men's/Women's/Unisex/Kids) — the #1 secondary axis (Decision 3 ranking).,/collections/mens-collection | /collections/womens-collection | /collections/unisex-collection | /collections/kids-perfume,Secondary axis 1.
1,Homepage,/,Static,—,Custom build,Manual + dynamic collections,Tier 1,Shop best-sellers / Add to Cart,Shop by Occasion | Find My Scent (assist) | WhatsApp,1.10,Gift Sets & Discovery Kits Band,Promotes higher-AOV sets and the low-commitment trial path (gifting anchor + AOV).,/collections/gift-sets | /collections/discovery-kits,AOV (Goal 2).
1,Homepage,/,Static,—,Custom build,Manual + dynamic collections,Tier 1,Shop best-sellers / Add to Cart,Shop by Occasion | Find My Scent (assist) | WhatsApp,1.11,Guides Teaser,Seeds the organic/AI-search engine (launch scope) and assists undecided buyers.,/blogs/guides | /blogs/guides/[article-slug] x3,Guides at LAUNCH (your call). Feeds Goal 4.
1,Homepage,/,Static,—,Custom build,Manual + dynamic collections,Tier 1,Shop best-sellers / Add to Cart,Shop by Occasion | Find My Scent (assist) | WhatsApp,1.12,Reviews / Social Proof,Provides credibility for cold paid traffic using only verifiable reviews.,/pages/reviews,Real reviews only (R-2); AggregateRating schema.
1,Homepage,/,Static,—,Custom build,Manual + dynamic collections,Tier 1,Shop best-sellers / Add to Cart,Shop by Occasion | Find My Scent (assist) | WhatsApp,1.13,Email + WhatsApp Capture,Converts non-buyers into owned audience (10% first order) — top of the retention funnel.,—,Klaviyo + WhatsApp opt-in. 10% offer must be honoured. Referral is phase-2.
1,Homepage,/,Static,—,Custom build,Manual + dynamic collections,Tier 1,Shop best-sellers / Add to Cart,Shop by Occasion | Find My Scent (assist) | WhatsApp,1.14,Footer (4-column),"Sitewide navigation, help, trust and the visible email — one of the 4+ trust/contact surfaces.",Shop+Discover+Help+Company columns | info@thefragrancesecrets.com,Locked 4-column footer; visible email present.
2,Shop (All Products),/collections/all,Dynamic Index,/,Catalogue Index Template,Shopify all-products collection,Tier 1,Add to Cart,Filter & Sort | Find My Scent (assist),2.1,Header + Breadcrumb,Persistent nav + breadcrumb anchoring the shopper in the brand-led catalogue.,/ | /pages/brands,—
2,Shop (All Products),/collections/all,Dynamic Index,/,Catalogue Index Template,Shopify all-products collection,Tier 1,Add to Cart,Filter & Sort | Find My Scent (assist),2.2,Filter & Sort Bar,"Lets buyers narrow by brand, category, scent-family, occasion, price — the confirmed secondary axes in ranked order.",?filter.* query states,"Filter state via query strings, not separate URLs (canonical to clean collection)."
2,Shop (All Products),/collections/all,Dynamic Index,/,Catalogue Index Template,Shopify all-products collection,Tier 1,Add to Cart,Filter & Sort | Find My Scent (assist),2.3,Product Grid,The core catalogue surface; each card shows brand + price for fast scanning by the ready buyer.,/products/[product-slug] xN,Pagination ?page=N (not infinite scroll).
2,Shop (All Products),/collections/all,Dynamic Index,/,Catalogue Index Template,Shopify all-products collection,Tier 1,Add to Cart,Filter & Sort | Find My Scent (assist),2.4,Find My Scent Assist,Secondary rescue for shoppers overwhelmed by 218 SKUs.,/pages/find-my-scent,"Secondary, subordinate to the grid."
2,Shop (All Products),/collections/all,Dynamic Index,/,Catalogue Index Template,Shopify all-products collection,Tier 1,Add to Cart,Filter & Sort | Find My Scent (assist),2.5,Footer (4-column),Standard sitewide footer.,Footer columns,Locked footer.
3,Brand Index,/pages/brands,Static,/,Brand Index Template,Manual + brand metaobjects,Tier 1,Browse a Brand,Find My Scent (assist),3.1,Header + Breadcrumb,Nav + breadcrumb into the brand directory — the primary organising axis.,/ | /collections/all,—
3,Brand Index,/pages/brands,Static,/,Brand Index Template,Manual + brand metaobjects,Tier 1,Browse a Brand,Find My Scent (assist),3.2,Our Brands (Elevated),"Promotes the in-house lines ABOVE the resale A-Z for margin focus and the R-1 own-brand-vs-resale split (Decision 3, Treatment 2).",/collections/fragrance-secrets | /collections/secret-scents | /collections/paris-collection,Clearly labelled OUR BRAND / original (R-1). Elevated above A-Z.
3,Brand Index,/pages/brands,Static,/,Brand Index Template,Manual + brand metaobjects,Tier 1,Browse a Brand,Find My Scent (assist),3.3,All Brands A-Z,"Exposes the full ~47-house resale taxonomy that captures brand search demand (Lattafa, Armaf, Ahmed Al Maghribi, designer houses).",/collections/[brand-slug] x47,"Designer houses labelled VERIFIED RESALE, never 'official distributor' (R-1, Negative ICP)."
3,Brand Index,/pages/brands,Static,/,Brand Index Template,Manual + brand metaobjects,Tier 1,Browse a Brand,Find My Scent (assist),3.4,Sourcing Promise Link Band,Pre-empts the price-vs-legitimacy doubt at the brand-discovery stage.,/pages/sourcing-promise,Trust surface #2.
3,Brand Index,/pages/brands,Static,/,Brand Index Template,Manual + brand metaobjects,Tier 1,Browse a Brand,Find My Scent (assist),3.5,Footer (4-column),Standard sitewide footer.,Footer columns,Locked footer.
4,Own-Brand Collection,/collections/fragrance-secrets,Dynamic Template,/pages/brands,Own-Brand Collection Template,Shopify collection (own brands: Fragrance Secrets / Secret Scents / Paris Collection),Tier 1,Add to Cart,Find My Scent (assist),4.1,Header + Breadcrumb,Nav + breadcrumb; clearly flags OUR BRAND.,/ | /pages/brands,"Also /collections/secret-scents, /collections/paris-collection."
4,Own-Brand Collection,/collections/fragrance-secrets,Dynamic Template,/pages/brands,Own-Brand Collection Template,Shopify collection (own brands: Fragrance Secrets / Secret Scents / Paris Collection),Tier 1,Add to Cart,Find My Scent (assist),4.2,Own-Brand Story Hero,Makes the in-house line aspirational with a house story + counterfeit-trust framing (My Perfumes playbook); supports margin focus.,/pages/about | /pages/sourcing-promise,"R-1: own-brand original, clearly distinct from resale."
4,Own-Brand Collection,/collections/fragrance-secrets,Dynamic Template,/pages/brands,Own-Brand Collection Template,Shopify collection (own brands: Fragrance Secrets / Secret Scents / Paris Collection),Tier 1,Add to Cart,Find My Scent (assist),4.3,Product Grid,Own-brand products at accessible price points; the highest-margin shelf.,/products/[product-slug] xN,—
4,Own-Brand Collection,/collections/fragrance-secrets,Dynamic Template,/pages/brands,Own-Brand Collection Template,Shopify collection (own brands: Fragrance Secrets / Secret Scents / Paris Collection),Tier 1,Add to Cart,Find My Scent (assist),4.4,Footer (4-column),Standard sitewide footer.,Footer columns,Locked footer.
5,Brand Collection,/collections/[brand-slug],Dynamic Template,/pages/brands,Brand Collection Template,Shopify smart collection by vendor,Tier 1 (SEO infrastructure),Add to Cart,See Sourcing Promise | Filter,5.1,Header + Breadcrumb,Nav + breadcrumb (Home > Brands > [Brand]).,/ | /pages/brands,—
5,Brand Collection,/collections/[brand-slug],Dynamic Template,/pages/brands,Brand Collection Template,Shopify smart collection by vendor,Tier 1 (SEO infrastructure),Add to Cart,See Sourcing Promise | Filter,5.2,Brand Hero / Intro Copy,Keyword-rich brand intro capturing organic search demand for the house name — the primary-axis SEO engine.,/pages/sourcing-promise,SEO copy per brand. Slug: clean to /collections/[brand] unless GSC shows existing organic at baseline — then preserve + self-canonical. 301 map mandatory.
5,Brand Collection,/collections/[brand-slug],Dynamic Template,/pages/brands,Brand Collection Template,Shopify smart collection by vendor,Tier 1 (SEO infrastructure),Add to Cart,See Sourcing Promise | Filter,5.3,Trust + Authenticity Strip,"Resolves 'too cheap = fake' exactly where it fires, on the resale brand page (A4).",/pages/sourcing-promise | /pages/reviews,Trust surface #3. Transparent wording (R-1).
5,Brand Collection,/collections/[brand-slug],Dynamic Template,/pages/brands,Brand Collection Template,Shopify smart collection by vendor,Tier 1 (SEO infrastructure),Add to Cart,See Sourcing Promise | Filter,5.4,Filter & Sort,Narrow within the house by category/family/price.,?filter.* query states,Secondary axes in ranked order.
5,Brand Collection,/collections/[brand-slug],Dynamic Template,/pages/brands,Brand Collection Template,Shopify smart collection by vendor,Tier 1 (SEO infrastructure),Add to Cart,See Sourcing Promise | Filter,5.5,Product Grid,Brand's products with category + price on cards.,/products/[product-slug] xN,Pagination ?page=N.
5,Brand Collection,/collections/[brand-slug],Dynamic Template,/pages/brands,Brand Collection Template,Shopify smart collection by vendor,Tier 1 (SEO infrastructure),Add to Cart,See Sourcing Promise | Filter,5.6,Related Houses,Lateral discovery to sibling brands.,/collections/[brand-slug] x4-6,Algorithmic: same tier/family.
5,Brand Collection,/collections/[brand-slug],Dynamic Template,/pages/brands,Brand Collection Template,Shopify smart collection by vendor,Tier 1 (SEO infrastructure),Add to Cart,See Sourcing Promise | Filter,5.7,Footer (4-column),Standard sitewide footer.,Footer columns,Locked footer.
6,Category Collection,/collections/[category-slug],Dynamic Template,/collections/all,Category Collection Template,Shopify collection (Men's/Women's/Unisex/Kids),Tier 2,Add to Cart,Filter | Find My Scent (assist),6.1,Header + Breadcrumb,Nav + breadcrumb into the category — secondary axis #1.,/ | /collections/all,"Categories: mens-collection, womens-collection, unisex-collection, kids-perfume."
6,Category Collection,/collections/[category-slug],Dynamic Template,/collections/all,Category Collection Template,Shopify collection (Men's/Women's/Unisex/Kids),Tier 2,Add to Cart,Filter | Find My Scent (assist),6.2,Category Intro,Short SEO intro framing the category for organic + AI search.,—,Goal 4.
6,Category Collection,/collections/[category-slug],Dynamic Template,/collections/all,Category Collection Template,Shopify collection (Men's/Women's/Unisex/Kids),Tier 2,Add to Cart,Filter | Find My Scent (assist),6.3,Filter & Sort,Narrow within category by brand/family/price.,?filter.* query states,—
6,Category Collection,/collections/[category-slug],Dynamic Template,/collections/all,Category Collection Template,Shopify collection (Men's/Women's/Unisex/Kids),Tier 2,Add to Cart,Filter | Find My Scent (assist),6.4,Product Grid,Category products.,/products/[product-slug] xN,Pagination ?page=N.
6,Category Collection,/collections/[category-slug],Dynamic Template,/collections/all,Category Collection Template,Shopify collection (Men's/Women's/Unisex/Kids),Tier 2,Add to Cart,Filter | Find My Scent (assist),6.5,Cross-Category Discovery,Lateral links to adjacent categories / occasion lanes.,/collections/[category-slug] x3 | /pages/occasions-gifts,—
6,Category Collection,/collections/[category-slug],Dynamic Template,/collections/all,Category Collection Template,Shopify collection (Men's/Women's/Unisex/Kids),Tier 2,Add to Cart,Filter | Find My Scent (assist),6.6,Footer (4-column),Standard sitewide footer.,Footer columns,Locked footer.
7,Scent-Family Collection,/collections/[family-slug],Dynamic Template,/collections/all,Scent-Family Collection Template,Shopify smart collection by scent-family metafield,Tier 2 (SEO infrastructure),Add to Cart,Filter | Find My Scent (assist),7.1,Header + Breadcrumb,Nav + breadcrumb (Home > Shop > [Family]) — secondary axis #2.,/ | /collections/all,"Families: oud, attar, oriental, floral, fresh, woody."
7,Scent-Family Collection,/collections/[family-slug],Dynamic Template,/collections/all,Scent-Family Collection Template,Shopify smart collection by scent-family metafield,Tier 2 (SEO infrastructure),Add to Cart,Filter | Find My Scent (assist),7.2,Family Intro,Short intro for the family (e.g. oud for UAE heat) — feeds AI-citation SEO and links to a matching guide.,/blogs/guides/[article-slug],Goal 4; links to matching guide (Guides at launch).
7,Scent-Family Collection,/collections/[family-slug],Dynamic Template,/collections/all,Scent-Family Collection Template,Shopify smart collection by scent-family metafield,Tier 2 (SEO infrastructure),Add to Cart,Filter | Find My Scent (assist),7.3,Filter & Sort,Narrow within family.,?filter.* query states,—
7,Scent-Family Collection,/collections/[family-slug],Dynamic Template,/collections/all,Scent-Family Collection Template,Shopify smart collection by scent-family metafield,Tier 2 (SEO infrastructure),Add to Cart,Filter | Find My Scent (assist),7.4,Product Grid,Family products.,/products/[product-slug] xN,Pagination ?page=N.
7,Scent-Family Collection,/collections/[family-slug],Dynamic Template,/collections/all,Scent-Family Collection Template,Shopify smart collection by scent-family metafield,Tier 2 (SEO infrastructure),Add to Cart,Filter | Find My Scent (assist),7.5,Footer (4-column),Standard sitewide footer.,Footer columns,Locked footer.
8,Product Detail Page (PDP),/products/[product-slug],Dynamic Template,/collections/[brand-slug],PDP Template,Shopify product + fragrance metafields,Tier 1,Add to Cart / Buy Now (COD + Tabby/Tamara + wallet),WhatsApp | See Sourcing Promise | Find My Scent (assist),8.1,Header + Breadcrumb,Nav + breadcrumb (Home > Brand > Product).,/ | /collections/[brand-slug],—
8,Product Detail Page (PDP),/products/[product-slug],Dynamic Template,/collections/[brand-slug],PDP Template,Shopify product + fragrance metafields,Tier 1,Add to Cart / Buy Now (COD + Tabby/Tamara + wallet),WhatsApp | See Sourcing Promise | Find My Scent (assist),8.2,Gallery,Real product imagery to build confidence in a blind-buy category.,—,Real product shots only — no stock/AI placeholders.
8,Product Detail Page (PDP),/products/[product-slug],Dynamic Template,/collections/[brand-slug],PDP Template,Shopify product + fragrance metafields,Tier 1,Add to Cart / Buy Now (COD + Tabby/Tamara + wallet),WhatsApp | See Sourcing Promise | Find My Scent (assist),8.3,Buy Box,"The core conversion block (buy-led primary): price, size, express buy, payment badges visible HERE not just at checkout.",/cart | /checkout,COD + Tabby + Tamara + Apple/Google Pay badges on PDP. Express 'Buy Now'.
8,Product Detail Page (PDP),/products/[product-slug],Dynamic Template,/collections/[brand-slug],PDP Template,Shopify product + fragrance metafields,Tier 1,Add to Cart / Buy Now (COD + Tabby/Tamara + wallet),WhatsApp | See Sourcing Promise | Find My Scent (assist),8.4,Scent Detail (Notes/Longevity/Sillage),Answers the core scent-selection question and de-risks the blind buy — locked PDP standard.,—,Top/heart/base notes + longevity + sillage + concentration on EVERY PDP.
8,Product Detail Page (PDP),/products/[product-slug],Dynamic Template,/collections/[brand-slug],PDP Template,Shopify product + fragrance metafields,Tier 1,Add to Cart / Buy Now (COD + Tabby/Tamara + wallet),WhatsApp | See Sourcing Promise | Find My Scent (assist),8.5,Trust + Authenticity Strip,Neutralises 'is this genuine?' at the decision point (A4).,/pages/sourcing-promise,Trust surface #4 (every resale PDP). Transparent wording (R-1).
8,Product Detail Page (PDP),/products/[product-slug],Dynamic Template,/collections/[brand-slug],PDP Template,Shopify product + fragrance metafields,Tier 1,Add to Cart / Buy Now (COD + Tabby/Tamara + wallet),WhatsApp | See Sourcing Promise | Find My Scent (assist),8.6,Reviews,Verifiable social proof at the decision point.,/pages/reviews,Real reviews only (R-2); Review/AggregateRating schema.
8,Product Detail Page (PDP),/products/[product-slug],Dynamic Template,/collections/[brand-slug],PDP Template,Shopify product + fragrance metafields,Tier 1,Add to Cart / Buy Now (COD + Tabby/Tamara + wallet),WhatsApp | See Sourcing Promise | Find My Scent (assist),8.7,Complete the Set / You May Also Like,Lateral discovery + bundle merchandising to raise units-per-order (AOV).,/products/[product-slug] x6-10 | /collections/gift-sets,Hybrid editorial + algorithmic (same brand/family).
8,Product Detail Page (PDP),/products/[product-slug],Dynamic Template,/collections/[brand-slug],PDP Template,Shopify product + fragrance metafields,Tier 1,Add to Cart / Buy Now (COD + Tabby/Tamara + wallet),WhatsApp | See Sourcing Promise | Find My Scent (assist),8.8,Find My Scent Assist,Secondary rescue for the shopper unsure this is the one.,/pages/find-my-scent,Secondary placement.
8,Product Detail Page (PDP),/products/[product-slug],Dynamic Template,/collections/[brand-slug],PDP Template,Shopify product + fragrance metafields,Tier 1,Add to Cart / Buy Now (COD + Tabby/Tamara + wallet),WhatsApp | See Sourcing Promise | Find My Scent (assist),8.9,Custom Mixing Note (Phase 2),"On perfume-oil PDPs, a placeholder/teaser for oil-to-spray mixing; activates in phase 2 when ops confirmed.",/pages/custom-mixing,PHASE 2 + R-3 gated. Show only on oil PDPs when live.
8,Product Detail Page (PDP),/products/[product-slug],Dynamic Template,/collections/[brand-slug],PDP Template,Shopify product + fragrance metafields,Tier 1,Add to Cart / Buy Now (COD + Tabby/Tamara + wallet),WhatsApp | See Sourcing Promise | Find My Scent (assist),8.10,WhatsApp Concierge,Assisted-sale channel for the support-led buyer.,WhatsApp click-to-chat,Stated hours; off-hours deflect to quiz/FAQ.
8,Product Detail Page (PDP),/products/[product-slug],Dynamic Template,/collections/[brand-slug],PDP Template,Shopify product + fragrance metafields,Tier 1,Add to Cart / Buy Now (COD + Tabby/Tamara + wallet),WhatsApp | See Sourcing Promise | Find My Scent (assist),8.11,Footer (4-column),Standard sitewide footer.,Footer columns,Locked footer.
9,Occasions & Gifts Hub,/pages/occasions-gifts,Static,/,Hub Template,Manual + occasion collections,Tier 1,Shop an Occasion,Build a Gift Set | Discovery Kits,9.1,Header + Breadcrumb,Nav + breadcrumb into the gifting world.,/,—
9,Occasions & Gifts Hub,/pages/occasions-gifts,Static,/,Hub Template,Manual + occasion collections,Tier 1,Shop an Occasion,Build a Gift Set | Discovery Kits,9.2,Occasion Tiles,"Routes the Gifter to the right moment (Eid, wedding, date night, gifts for him/her) — Tier-1 gifting anchor.",/collections/eid | /collections/wedding | /collections/date-night | /collections/gifts-for-him | /collections/gifts-for-her,Seasonal ordering by calendar.
9,Occasions & Gifts Hub,/pages/occasions-gifts,Static,/,Hub Template,Manual + occasion collections,Tier 1,Shop an Occasion,Build a Gift Set | Discovery Kits,9.3,Gift Sets Feature,Promotes higher-AOV curated sets.,/collections/gift-sets,AOV (Goal 2).
9,Occasions & Gifts Hub,/pages/occasions-gifts,Static,/,Hub Template,Manual + occasion collections,Tier 1,Shop an Occasion,Build a Gift Set | Discovery Kits,9.4,Discovery Kits Feature,Low-commitment gifting + trial path.,/collections/discovery-kits,Kit credit toward full-size.
9,Occasions & Gifts Hub,/pages/occasions-gifts,Static,/,Hub Template,Manual + occasion collections,Tier 1,Shop an Occasion,Build a Gift Set | Discovery Kits,9.5,Delivery Promise Band,Removes gifting delivery-timing anxiety with explicit cutoffs.,/policies/shipping-policy,Explicit next-day/cutoff messaging.
9,Occasions & Gifts Hub,/pages/occasions-gifts,Static,/,Hub Template,Manual + occasion collections,Tier 1,Shop an Occasion,Build a Gift Set | Discovery Kits,9.6,Footer (4-column),Standard sitewide footer.,Footer columns,Locked footer.
10,Occasion Landing,/collections/[occasion-slug],Dynamic Template,/pages/occasions-gifts,Occasion Collection Template,Shopify smart collection by occasion tag,Tier 2,Add to Cart,Build a Gift Set,10.1,Header + Breadcrumb,Nav + breadcrumb (Home > Occasions > [Occasion]).,/ | /pages/occasions-gifts,"eid, wedding, date-night, gifts-for-him, gifts-for-her."
10,Occasion Landing,/collections/[occasion-slug],Dynamic Template,/pages/occasions-gifts,Occasion Collection Template,Shopify smart collection by occasion tag,Tier 2,Add to Cart,Build a Gift Set,10.2,Occasion Hero,Emotionally frames the occasion and the delivery promise.,/policies/shipping-policy,Delivery cutoff messaging.
10,Occasion Landing,/collections/[occasion-slug],Dynamic Template,/pages/occasions-gifts,Occasion Collection Template,Shopify smart collection by occasion tag,Tier 2,Add to Cart,Build a Gift Set,10.3,Curated Product Grid,"Occasion-appropriate products, curated not catalogue-dumped (beats reseller mega-menus).",/products/[product-slug] xN | /collections/gift-sets,Editorial curation + algorithmic fallback.
10,Occasion Landing,/collections/[occasion-slug],Dynamic Template,/pages/occasions-gifts,Occasion Collection Template,Shopify smart collection by occasion tag,Tier 2,Add to Cart,Build a Gift Set,10.4,Other Occasions,Lateral discovery to sibling occasions.,/collections/[occasion-slug] x3,—
10,Occasion Landing,/collections/[occasion-slug],Dynamic Template,/pages/occasions-gifts,Occasion Collection Template,Shopify smart collection by occasion tag,Tier 2,Add to Cart,Build a Gift Set,10.5,Footer (4-column),Standard sitewide footer.,Footer columns,Locked footer.
11,Gift Sets,/collections/gift-sets,Dynamic Template,/pages/occasions-gifts,Bundle Collection Template,Shopify Bundles + manual sets,Tier 2,Add Gift Set to Cart,Discovery Kits,11.1,Header + Breadcrumb,Nav + breadcrumb.,/ | /pages/occasions-gifts,—
11,Gift Sets,/collections/gift-sets,Dynamic Template,/pages/occasions-gifts,Bundle Collection Template,Shopify Bundles + manual sets,Tier 2,Add Gift Set to Cart,Discovery Kits,11.2,Gift Set Grid,"Curated higher-AOV sets (oud trios, oud+vanilla pairings).",/products/[product-slug] xN,Bundle app; AOV (Goal 2).
11,Gift Sets,/collections/gift-sets,Dynamic Template,/pages/occasions-gifts,Bundle Collection Template,Shopify Bundles + manual sets,Tier 2,Add Gift Set to Cart,Discovery Kits,11.3,Premium Packaging Band,Signals gift-worthiness to the Gifter.,—,Real packaging photos only.
11,Gift Sets,/collections/gift-sets,Dynamic Template,/pages/occasions-gifts,Bundle Collection Template,Shopify Bundles + manual sets,Tier 2,Add Gift Set to Cart,Discovery Kits,11.4,Footer (4-column),Standard sitewide footer.,Footer columns,Locked footer.
12,Discovery Kits,/collections/discovery-kits,Dynamic Template,/pages/occasions-gifts,Bundle Collection Template,Shopify Bundles + manual kits,Tier 2,Buy a Discovery Kit,Upgrade to Full Size,12.1,Header + Breadcrumb,Nav + breadcrumb.,/ | /pages/occasions-gifts,—
12,Discovery Kits,/collections/discovery-kits,Dynamic Template,/pages/occasions-gifts,Bundle Collection Template,Shopify Bundles + manual kits,Tier 2,Buy a Discovery Kit,Upgrade to Full Size,12.2,Kit Grid,Low-commitment trial sets that convert first-time price-sensitive buyers.,/products/[product-slug] xN,—
12,Discovery Kits,/collections/discovery-kits,Dynamic Template,/pages/occasions-gifts,Bundle Collection Template,Shopify Bundles + manual kits,Tier 2,Buy a Discovery Kit,Upgrade to Full Size,12.3,Credit-Toward-Full-Size Band,Removes the 'dead-end' feel by giving kit buyers credit toward full bottles.,/collections/all,Upsell mechanic.
12,Discovery Kits,/collections/discovery-kits,Dynamic Template,/pages/occasions-gifts,Bundle Collection Template,Shopify Bundles + manual kits,Tier 2,Buy a Discovery Kit,Upgrade to Full Size,12.4,Footer (4-column),Standard sitewide footer.,Footer columns,Locked footer.
13,Find My Scent (Quiz),/pages/find-my-scent,Static,/,Quiz Template (app-embedded),Quiz app (Octane AI recommended) + product catalogue,Tier 2 (secondary),Take the 60-second quiz,Shop best-sellers | WhatsApp,13.1,Header,Persistent nav.,/,"Secondary intent: assist/rescue, not a Tier-1 anchor."
13,Find My Scent (Quiz),/pages/find-my-scent,Static,/,Quiz Template (app-embedded),Quiz app (Octane AI recommended) + product catalogue,Tier 2 (secondary),Take the 60-second quiz,Shop best-sellers | WhatsApp,13.2,Quiz Intro Hero,Frames the 60-second promise to remove blind-buy anxiety.,—,"'60-second', <=6 questions."
13,Find My Scent (Quiz),/pages/find-my-scent,Static,/,Quiz Template (app-embedded),Quiz app (Octane AI recommended) + product catalogue,Tier 2 (secondary),Take the 60-second quiz,Shop best-sellers | WhatsApp,13.3,Quiz Flow,"Sequential questions (gender, family, occasion, intensity, budget) capturing intent.",—,Captures email + scent-profile tags -> Klaviyo.
13,Find My Scent (Quiz),/pages/find-my-scent,Static,/,Quiz Template (app-embedded),Quiz app (Octane AI recommended) + product catalogue,Tier 2 (secondary),Take the 60-second quiz,Shop best-sellers | WhatsApp,13.4,Results -> Products,"Delivers 2-3 matched products immediately, turning intent into add-to-cart.",/products/[product-slug] x2-3 | /pages/find-my-scent/results,Results page canonical to /pages/find-my-scent.
13,Find My Scent (Quiz),/pages/find-my-scent,Static,/,Quiz Template (app-embedded),Quiz app (Octane AI recommended) + product catalogue,Tier 2 (secondary),Take the 60-second quiz,Shop best-sellers | WhatsApp,13.5,Footer (4-column),Standard sitewide footer.,Footer columns,Locked footer.
14,Quiz Results,/pages/find-my-scent/results?profile=[id],Dynamic,/pages/find-my-scent,Quiz Results Template,Quiz app output,Tier 2 (secondary),Add to Cart (matched product),Retake quiz,14.1,Matched Scent Profile,Reflects the shopper's profile back to build confidence in the recommendation.,—,Canonical -> /pages/find-my-scent (no index of query states).
14,Quiz Results,/pages/find-my-scent/results?profile=[id],Dynamic,/pages/find-my-scent,Quiz Results Template,Quiz app output,Tier 2 (secondary),Add to Cart (matched product),Retake quiz,14.2,Recommended Products,2-3 ranked matches with scent detail and buy box.,/products/[product-slug] x2-3,—
14,Quiz Results,/pages/find-my-scent/results?profile=[id],Dynamic,/pages/find-my-scent,Quiz Results Template,Quiz app output,Tier 2 (secondary),Add to Cart (matched product),Retake quiz,14.3,Save / Email My Results,Captures the lead and gives a reason to return.,—,Klaviyo flow trigger.
14,Quiz Results,/pages/find-my-scent/results?profile=[id],Dynamic,/pages/find-my-scent,Quiz Results Template,Quiz app output,Tier 2 (secondary),Add to Cart (matched product),Retake quiz,14.4,Footer (4-column),Standard sitewide footer.,Footer columns,Locked footer.
15,Guides Hub,/blogs/guides,Dynamic Index,/,Blog Index Template,Shopify blog,Tier 2 (SEO/AI-citation infrastructure),Read a Guide,Shop the topic | Find My Scent (assist),15.1,Header + Breadcrumb,Nav + breadcrumb.,/,Guides at LAUNCH (your call).
15,Guides Hub,/blogs/guides,Dynamic Index,/,Blog Index Template,Shopify blog,Tier 2 (SEO/AI-citation infrastructure),Read a Guide,Shop the topic | Find My Scent (assist),15.2,Featured Guides,Surfaces the highest-value scent-education content for organic + AI discovery.,/blogs/guides/[article-slug] x3-6,Goal 4.
15,Guides Hub,/blogs/guides,Dynamic Index,/,Blog Index Template,Shopify blog,Tier 2 (SEO/AI-citation infrastructure),Read a Guide,Shop the topic | Find My Scent (assist),15.3,Topic Categories,"Organises guides (oud, gifting, longevity, how-to-choose) for crawlability.",/blogs/guides/[article-slug] xN,FAQ/Article schema.
15,Guides Hub,/blogs/guides,Dynamic Index,/,Blog Index Template,Shopify blog,Tier 2 (SEO/AI-citation infrastructure),Read a Guide,Shop the topic | Find My Scent (assist),15.4,Shop CTA Band,Converts readers into shoppers (buy-led priority).,/collections/best-sellers | /collections/[family-slug],Conversion-priority rule.
15,Guides Hub,/blogs/guides,Dynamic Index,/,Blog Index Template,Shopify blog,Tier 2 (SEO/AI-citation infrastructure),Read a Guide,Shop the topic | Find My Scent (assist),15.5,Footer (4-column),Standard sitewide footer.,Footer columns,Locked footer.
16,Guide Article,/blogs/guides/[article-slug],Dynamic Template,/blogs/guides,Article Template,Shopify blog article + metafields,Tier 2 (SEO/AI-citation infrastructure),Shop products in this guide,Related guides | Find My Scent (assist),16.1,Header + Breadcrumb,Nav + breadcrumb (Home > Guides > [Article]).,/ | /blogs/guides,—
16,Guide Article,/blogs/guides/[article-slug],Dynamic Template,/blogs/guides,Article Template,Shopify blog article + metafields,Tier 2 (SEO/AI-citation infrastructure),Shop products in this guide,Related guides | Find My Scent (assist),16.2,Article Body,Authoritative scent-education content engineered to be cited by AI engines and rank organically.,/products/[product-slug] x3-6 | /collections/[family-slug],Article + FAQ schema; LLMs.txt guidance (launch); contextual product links.
16,Guide Article,/blogs/guides/[article-slug],Dynamic Template,/blogs/guides,Article Template,Shopify blog article + metafields,Tier 2 (SEO/AI-citation infrastructure),Shop products in this guide,Related guides | Find My Scent (assist),16.3,Inline Product Links,Turns editorial intent into purchase paths (buy-led).,/products/[product-slug] x3-6,Every guide links >=1 product (CMS guardrail).
16,Guide Article,/blogs/guides/[article-slug],Dynamic Template,/blogs/guides,Article Template,Shopify blog article + metafields,Tier 2 (SEO/AI-citation infrastructure),Shop products in this guide,Related guides | Find My Scent (assist),16.4,Shop CTA,Conversion path for readers.,/collections/best-sellers,Conversion-priority rule.
16,Guide Article,/blogs/guides/[article-slug],Dynamic Template,/blogs/guides,Article Template,Shopify blog article + metafields,Tier 2 (SEO/AI-citation infrastructure),Shop products in this guide,Related guides | Find My Scent (assist),16.5,Related Guides,Lateral content discovery.,/blogs/guides/[article-slug] x3-4,—
16,Guide Article,/blogs/guides/[article-slug],Dynamic Template,/blogs/guides,Article Template,Shopify blog article + metafields,Tier 2 (SEO/AI-citation infrastructure),Shop products in this guide,Related guides | Find My Scent (assist),16.6,Footer (4-column),Standard sitewide footer.,Footer columns,Locked footer.
17,Sourcing Promise,/pages/sourcing-promise,Static,/pages/about,Content Page Template,Manual,Tier 1 (trust infrastructure),Shop with confidence,Reviews | Contact,17.1,Header + Breadcrumb,Nav + breadcrumb.,/ | /pages/about,Canonical trust page linked from >=4 surfaces.
17,Sourcing Promise,/pages/sourcing-promise,Static,/pages/about,Content Page Template,Manual,Tier 1 (trust infrastructure),Shop with confidence,Reviews | Contact,17.2,Own-Brand vs Verified-Resale Explainer,Resolves R-1 by clearly separating original in-house lines from genuine verified-wholesaler resale.,/pages/brands,Plain-language; never 'direct from brand' where untrue (R-1).
17,Sourcing Promise,/pages/sourcing-promise,Static,/pages/about,Content Page Template,Manual,Tier 1 (trust infrastructure),Shop with confidence,Reviews | Contact,17.3,How We Verify Authenticity,Plain-language sourcing FAQ (V Perfumes playbook) converting price-vs-legitimacy doubt into trust (A4).,/pages/faqs,Beats vague '100% original' banners.
17,Sourcing Promise,/pages/sourcing-promise,Static,/pages/about,Content Page Template,Manual,Tier 1 (trust infrastructure),Shop with confidence,Reviews | Contact,17.4,Counterfeit-Trust Framing,'Our own lines get copied — buy only here' framing for own brands.,/collections/fragrance-secrets,—
17,Sourcing Promise,/pages/sourcing-promise,Static,/pages/about,Content Page Template,Manual,Tier 1 (trust infrastructure),Shop with confidence,Reviews | Contact,17.5,Reviews Link,Backs claims with verifiable proof.,/pages/reviews,Real reviews only (R-2).
17,Sourcing Promise,/pages/sourcing-promise,Static,/pages/about,Content Page Template,Manual,Tier 1 (trust infrastructure),Shop with confidence,Reviews | Contact,17.6,Footer (4-column),Standard sitewide footer.,Footer columns,Locked footer.
18,About,/pages/about,Static,/,Content Page Template,Manual,Tier 3,Shop best-sellers,See Sourcing Promise | Contact,18.1,Header + Breadcrumb,Nav + breadcrumb.,/,Redirect /pages/about-us -> /pages/about (301).
18,About,/pages/about,Static,/,Content Page Template,Manual,Tier 3,Shop best-sellers,See Sourcing Promise | Contact,18.2,Brand Story,"Builds trust and recall through the house story (authentic + affordable, tuned for UAE).",/pages/sourcing-promise,Replace current over-claims; align to transparent positioning (R-1).
18,About,/pages/about,Static,/,Content Page Template,Manual,Tier 3,Shop best-sellers,See Sourcing Promise | Contact,18.3,Sourcing Promise Section,Houses the transparent dual-model sourcing story prominently (folded per Decision 3).,/pages/sourcing-promise,No 'authorized distributor' claims (R-1).
18,About,/pages/about,Static,/,Content Page Template,Manual,Tier 3,Shop best-sellers,See Sourcing Promise | Contact,18.4,Why Us,Frames brand range + trust + gifting as the reasons to buy.,/pages/brands | /pages/occasions-gifts,—
18,About,/pages/about,Static,/,Content Page Template,Manual,Tier 3,Shop best-sellers,See Sourcing Promise | Contact,18.5,Contact + Visible Email,Direct-contact reassurance for relationship-led UAE buyers.,/pages/contact | info@thefragrancesecrets.com,Visible email surface.
18,About,/pages/about,Static,/,Content Page Template,Manual,Tier 3,Shop best-sellers,See Sourcing Promise | Contact,18.6,Footer (4-column),Standard sitewide footer.,Footer columns,Locked footer.
19,Reviews,/pages/reviews,Static,/,Reviews Page Template (app-fed),Reviews app (Judge.me recommended),Tier 3,Shop best-sellers,—,19.1,Header + Breadcrumb,Nav + breadcrumb.,/,—
19,Reviews,/pages/reviews,Static,/,Reviews Page Template (app-fed),Reviews app (Judge.me recommended),Tier 3,Shop best-sellers,—,19.2,Aggregate Rating + Reviews,Provides credibility for cold paid traffic using only verifiable reviews.,/products/[product-slug] xN,Real reviews only (R-2). OMIT counts if not verifiable; AggregateRating schema.
19,Reviews,/pages/reviews,Static,/,Reviews Page Template (app-fed),Reviews app (Judge.me recommended),Tier 3,Shop best-sellers,—,19.3,Footer (4-column),Standard sitewide footer.,Footer columns,Locked footer.
20,Account & Reorder,/account,Dynamic,/,Account Template (authenticated),Shopify customer accounts,Tier 3,Reorder my signature,Track order,20.1,Header,Persistent nav.,/,Authenticated surface.
20,Account & Reorder,/account,Dynamic,/,Account Template (authenticated),Shopify customer accounts,Tier 3,Reorder my signature,Track order,20.2,Order History + One-Tap Reorder,The Loyalist's cheapest-revenue path — fast restock of a signature scent.,/account/orders | /account/reorder | /products/[product-slug],Reorder nudge mirrors Klaviyo flow.
20,Account & Reorder,/account,Dynamic,/,Account Template (authenticated),Shopify customer accounts,Tier 3,Reorder my signature,Track order,20.3,Saved Details,Stores addresses + favourites to personalise return visits.,—,—
20,Account & Reorder,/account,Dynamic,/,Account Template (authenticated),Shopify customer accounts,Tier 3,Reorder my signature,Track order,20.4,Footer (4-column),Standard sitewide footer.,Footer columns,Locked footer. Referral entry added in phase 2.
21,Cart,/cart,Static (utility),/,Shopify Cart,Shopify,Utility,Checkout (COD + Tabby/Tamara + wallet),Continue shopping | Add a gift set,21.1,Cart Line Items,Confirms selection and enables edits.,/products/[product-slug],—
21,Cart,/cart,Static (utility),/,Shopify Cart,Shopify,Utility,Checkout (COD + Tabby/Tamara + wallet),Continue shopping | Add a gift set,21.2,Free-Delivery Threshold Nudge,"Pushes order value toward the AED 150 free-delivery threshold (AOV, Goal 2).",/collections/best-sellers | /collections/gift-sets,Free delivery threshold AED 150.
21,Cart,/cart,Static (utility),/,Shopify Cart,Shopify,Utility,Checkout (COD + Tabby/Tamara + wallet),Continue shopping | Add a gift set,21.3,Payment Reassurance,Shows COD + Tabby/Tamara + wallet before checkout to cut abandonment.,/pages/payment-policy,Day-one BNPL (table stakes).
21,Cart,/cart,Static (utility),/,Shopify Cart,Shopify,Utility,Checkout (COD + Tabby/Tamara + wallet),Continue shopping | Add a gift set,21.4,Cross-sell / Complete the Set,Last-moment AOV lift.,/products/[product-slug] x3,—
22,Checkout,/checkout,Static (utility),/cart,Shopify Checkout,Shopify,Utility,Place order,—,22.1,Checkout Flow,"Low-friction conversion: COD, BNPL, card, wallet, express buttons (buy-led core).",—,Apple/Google Pay express; COD; Tabby/Tamara. Meta CAPI + GA4 purchase events fire here.
23,Search,/search,Static (utility),/,Search Template,Shopify Search & Discovery,Utility,Search the catalogue,Find My Scent (assist),23.1,Predictive Search,"Lets confident buyers jump straight to intent (by brand, name, note, family).",/products/[product-slug] | /collections/[brand-slug],Search by brand/note/family/occasion (app).
23,Search,/search,Static (utility),/,Search Template,Shopify Search & Discovery,Utility,Search the catalogue,Find My Scent (assist),23.2,No-Results Rescue,Routes empty searches to best-sellers or the quiz instead of a dead end.,/collections/best-sellers | /pages/find-my-scent,—
23,Search,/search,Static (utility),/,Search Template,Shopify Search & Discovery,Utility,Search the catalogue,Find My Scent (assist),23.3,Footer (4-column),Standard sitewide footer.,Footer columns,Locked footer.
24,Contact,/pages/contact,Static,/,Content Page Template,Manual,Tier 3,Message us on WhatsApp,Email us | FAQ,24.1,Header + Breadcrumb,Nav + breadcrumb.,/,—
24,Contact,/pages/contact,Static,/,Content Page Template,Manual,Tier 3,Message us on WhatsApp,Email us | FAQ,24.2,Contact Methods,Hybrid contact: WhatsApp-first + visible email + phone for relationship-led buyers.,WhatsApp | info@thefragrancesecrets.com | /pages/faqs,Visible email surface. Drop B2B/wholesale invite (Negative ICP).
24,Contact,/pages/contact,Static,/,Content Page Template,Manual,Tier 3,Message us on WhatsApp,Email us | FAQ,24.3,Contact Form,Captured to support inbox; spam-protected.,—,Cloudflare Turnstile (privacy-respecting).
24,Contact,/pages/contact,Static,/,Content Page Template,Manual,Tier 3,Message us on WhatsApp,Email us | FAQ,24.4,Support Hours,Sets WhatsApp response expectations (daily 10:00-19:00 UAE).,—,Real hours only.
24,Contact,/pages/contact,Static,/,Content Page Template,Manual,Tier 3,Message us on WhatsApp,Email us | FAQ,24.5,Footer (4-column),Standard sitewide footer.,Footer columns,Locked footer.
25,FAQs,/pages/faqs,Static,/,FAQ Template,Manual,Tier 3,Shop best-sellers,Contact | Sourcing Promise,25.1,Header + Breadcrumb,Nav + breadcrumb.,/,—
25,FAQs,/pages/faqs,Static,/,FAQ Template,Manual,Tier 3,Shop best-sellers,Contact | Sourcing Promise,25.2,FAQ Accordion,"Answers genuineness, delivery, returns, payment and authenticity questions; FAQ schema for rich results.",/pages/sourcing-promise | /policies/shipping-policy | /policies/refund-policy,FAQPage schema (Goal 4). REMOVE current 'bulk/wholesale orders welcome' answer (Negative ICP conflict).
25,FAQs,/pages/faqs,Static,/,FAQ Template,Manual,Tier 3,Shop best-sellers,Contact | Sourcing Promise,25.3,Still Need Help Band,Routes to WhatsApp/contact.,/pages/contact,—
25,FAQs,/pages/faqs,Static,/,FAQ Template,Manual,Tier 3,Shop best-sellers,Contact | Sourcing Promise,25.4,Footer (4-column),Standard sitewide footer.,Footer columns,Locked footer.
26,Shipping Policy,/policies/shipping-policy,Static (legal),/,Policy Template,Manual,Utility,—,Contact,26.1,Policy Body,States UAE-only next-day/COD delivery terms; the logistics-trust baseline vs marketplaces.,/pages/contact,UAE-only (Negative ICP: no outside-UAE shipping).
27,Refund & Return Policy,/policies/refund-policy,Static (legal),/,Policy Template,Manual,Utility,—,Contact,27.1,Policy Body,"States return/refund terms (48-hr damage window, 7-day refund, 30-day warranty).",/pages/contact,Match real operational terms.
28,Payment Policy,/pages/payment-policy,Static (legal),/,Policy Template,Manual,Utility,—,Contact,28.1,Policy Body,States accepted payments incl. COD + Tabby/Tamara + card + wallet.,/pages/contact,Day-one BNPL.
29,Privacy Policy,/policies/privacy-policy,Static (legal),/,Policy Template,Manual,Utility,—,—,29.1,Policy Body,Data/privacy terms covering email/WhatsApp capture and analytics consent.,—,Required for ad-platform compliance.
30,Terms of Service,/policies/terms-of-service,Static (legal),/,Policy Template,Manual,Utility,—,—,30.1,Policy Body,Standard storefront terms.,—,—
31,Custom 404,/404,Static (utility),/,404 Template,Manual,Utility,Shop best-sellers,Search | Find My Scent (assist),31.1,404 Rescue,Recovers lost visitors with search + best-sellers + top collections instead of a dead end.,/search | /collections/best-sellers | /pages/find-my-scent,Curated 404 (buy-led: lead with shop).
32,Sitemap XML,/sitemap.xml,Auto-generated,/,Shopify auto,Shopify,Utility,—,—,32.1,XML Sitemap,Feeds search + AI crawlers the canonical URL set.,All canonical URLs,Auto-generated.
33,Robots,/robots.txt,Auto-generated,/,Shopify auto,Shopify,Utility,—,—,33.1,Robots Directives,Guides crawler access.,/sitemap.xml,—
34,LLMs.txt,/llms.txt,Static (utility),/,Static file,Manual,Utility,—,—,34.1,AI-Crawler Guidance,Guides AI engines (ChatGPT/Perplexity/Google AI) to key brand/sourcing/guide content for citation (Goal 4).,/pages/sourcing-promise | /blogs/guides,At LAUNCH (your call). Pairs with Guides hub.
35,Custom Mixing (Phase 2),/pages/custom-mixing,Static,/,Configurator Template (app-embedded),Product customiser app (Kickflip/Zakeke recommended) + ops workflow,Phase 2 (deferred),Start Mixing,WhatsApp,35.1,Feature Hero,"Sells the 'a scent that exists nowhere else, made for UAE heat' promise — secondary differentiator/AOV.",—,PHASE 2. R-3: launch gated on confirmed blending/fulfilment capacity + turnaround copy.
35,Custom Mixing (Phase 2),/pages/custom-mixing,Static,/,Configurator Template (app-embedded),Product customiser app (Kickflip/Zakeke recommended) + ops workflow,Phase 2 (deferred),Start Mixing,WhatsApp,35.2,How It Works,Explains oil -> 50ml/100ml ready-to-wear spray to remove process confusion.,—,Clear turnaround time (R-3).
35,Custom Mixing (Phase 2),/pages/custom-mixing,Static,/,Configurator Template (app-embedded),Product customiser app (Kickflip/Zakeke recommended) + ops workflow,Phase 2 (deferred),Start Mixing,WhatsApp,35.3,Configurator,"The build experience: select oils, concentration, size -> add to cart.",/cart,Routes custom order to blending ops queue (integration flow).
35,Custom Mixing (Phase 2),/pages/custom-mixing,Static,/,Configurator Template (app-embedded),Product customiser app (Kickflip/Zakeke recommended) + ops workflow,Phase 2 (deferred),Start Mixing,WhatsApp,35.4,Pairing Suggestions,Guides combinations (oud + vanilla etc.) to improve outcomes and AOV.,/collections/perfume-oil,—
35,Custom Mixing (Phase 2),/pages/custom-mixing,Static,/,Configurator Template (app-embedded),Product customiser app (Kickflip/Zakeke recommended) + ops workflow,Phase 2 (deferred),Start Mixing,WhatsApp,35.5,Footer (4-column),Standard sitewide footer.,Footer columns,Locked footer.
36,Referral (Phase 2),/pages/referral,Static,/,Referral Template (app-embedded),Referral app (Referral Candy recommended),Phase 2 (deferred),Refer a friend,Shop best-sellers,36.1,Referral Mechanic,"Turns customers into an acquisition channel (Goal 3) — retention layer, follows launch.",—,PHASE 2. Give AED 30 / Get AED 30; honour real reward terms.
36,Referral (Phase 2),/pages/referral,Static,/,Referral Template (app-embedded),Referral app (Referral Candy recommended),Phase 2 (deferred),Refer a friend,Shop best-sellers,36.2,Share Tools,One-tap WhatsApp/social sharing (UAE-native).,WhatsApp/social share,—
36,Referral (Phase 2),/pages/referral,Static,/,Referral Template (app-embedded),Referral app (Referral Candy recommended),Phase 2 (deferred),Refer a friend,Shop best-sellers,36.3,Footer (4-column),Standard sitewide footer.,Footer columns,Locked footer.
37,Subscriptions (Reserved),/subscriptions,Reserved Placeholder,/,Reserved,—,Tier 4 (deferred),—,—,37.1,Reserved Slot,Architectural reservation for replenishment/subscription named in goal doc; deploy after ops (R-3) sign-off.,—,Reserved URL; do not build v1.
38,Arabic Locale (Reserved),/ar,Reserved Placeholder,/,Reserved,—,Tier 4 (deferred),—,—,38.1,Reserved Slot,Architectural reservation for Arabic/RTL locale for the bilingual UAE market.,—,Reserved path; Shopify Markets/Translate when activated. NOT international shipping.
39,Rewards / Loyalty (Reserved),/pages/rewards,Reserved Placeholder,/,Reserved,—,Tier 4 (deferred),—,—,39.1,Reserved Slot,Architectural reservation for a points/loyalty programme beyond referral.,—,Reserved URL; referral (phase 2) precedes this.
